{"west":-74.251961, "south":40.512764, "east":-73.755405, "north":40.903125}
