{"west":-74.030876, "south":40.576127, "east":-73.755405, "north":40.903125}
